Sno,Molecule,Frequency (cm-1),IR Intensity,vibrational_modes
1,H2O,1602.4404,66.726,3
1,H2O,3818.7954,9.221,3
1,H2O,3923.8993,56.9043,3
2,HCl,2935.1088,31.6799,1
3,C2H2,647.7657,0,7
3,C2H2,647.7657,0,7
3,C2H2,773.0654,112.0336,7
3,C2H2,773.0654,112.0336,7
3,C2H2,2060.9941,0,7
3,C2H2,3419.0415,93.9355,7
3,C2H2,3521.7347,0,7
4,NH3,1007.0419,213.4591,6
4,NH3,1669.1521,28.2914,6
4,NH3,1669.1521,28.2917,6
4,NH3,3479.1393,2.2441,6
4,NH3,3605.857,3.5642,6
4,NH3,3605.857,3.5643,6
5,C2H3NO,157.4151,133.6159,15
5,C2H3NO,231.2535,1.9679,15
5,C2H3NO,358.9677,2.0934,15
5,C2H3NO,575.0584,6.0382,15
5,C2H3NO,895.7209,15.5753,15
5,C2H3NO,1023.9287,2.0417,15
5,C2H3NO,1065.3334,104.3673,15
5,C2H3NO,1241.1295,67.966,15
5,C2H3NO,1261.2552,0.0005,15
5,C2H3NO,1448.281,11.7904,15
5,C2H3NO,1497.0843,4.371,15
5,C2H3NO,2367.9426,0.3634,15
5,C2H3NO,2999.3245,29.4981,15
5,C2H3NO,3028.8713,13.8017,15
5,C2H3NO,3835.2533,51.1017,15
6,H2SO,969.7491,0.5514,6
6,H2SO,1027.4766,115.4733,6
6,H2SO,1065.5302,44.1119,6
6,H2SO,1211.8739,28.1686,6
6,H2SO,2313.9534,109.9748,6
6,H2SO,2323.4029,152.4441,6
7,HCN,764.1525,42.3637,4
7,HCN,764.1525,42.3637,4
7,HCN,2196.7104,1.9294,4
7,HCN,3455.8705,67.2513,4
8,HCOH,1202.325,4.6847,6
8,HCOH,1259.6472,9.3297,6
8,HCOH,1531.0059,9.2123,6
8,HCOH,1814.5055,123.2095,6
8,HCOH,2883.5868,72.0977,6
8,HCOH,2941.3597,136.0263,6
9,HCONH2,233.9942,234.8571,12
9,HCONH2,568.2668,10.5373,12
9,HCONH2,635.2907,16.9352,12
9,HCONH2,1037.9105,2.6132,12
9,HCONH2,1053.2318,5.4851,12
9,HCONH2,1262.4619,116.994,12
9,HCONH2,1416.7556,6.5296,12
9,HCONH2,1618.2377,62.2385,12
9,HCONH2,1790.3545,465.4832,12
9,HCONH2,2944.3856,103.9669,12
9,HCONH2,3578.3147,35.5715,12
9,HCONH2,3715.2346,45.0783,12
10,HNO,1565.5766,3.6016,3
10,HNO,1671.9978,92.8331,3
10,HNO,2855.9553,160.3029,3
11,(C2H5O)2,97.7298,0,39
11,(C2H5O)2,105.9368,5.254,39
11,(C2H5O)2,192.0525,0.7611,39
11,(C2H5O)2,246.6946,0,39
11,(C2H5O)2,252.3259,1.3789,39
11,(C2H5O)2,433.5868,2.9868,39
11,(C2H5O)2,435.8146,0.0052,39
11,(C2H5O)2,818.1518,0,39
11,(C2H5O)2,829.9356,0.8044,39
11,(C2H5O)2,855.5866,8.8706,39
11,(C2H5O)2,943.0852,5.9421,39
11,(C2H5O)2,1049.269,13.235,39
11,(C2H5O)2,1094.6759,14.2578,39
11,(C2H5O)2,1144.914,213.1762,39
11,(C2H5O)2,1166.5204,0,39
11,(C2H5O)2,1175.3736,20.5577,39
11,(C2H5O)2,1193.8919,11.2156,39
11,(C2H5O)2,1294.6392,0,39
11,(C2H5O)2,1300.6447,4.0731,39
11,(C2H5O)2,1380.5573,33.0005,39
11,(C2H5O)2,1403.5085,1.2707,39
11,(C2H5O)2,1412.2126,30.3903,39
11,(C2H5O)2,1446.0716,4.2731,39
11,(C2H5O)2,1482.9383,0,39
11,(C2H5O)2,1483.1201,13.4008,39
11,(C2H5O)2,1498.3324,3.5318,39
11,(C2H5O)2,1501.3994,3.8806,39
11,(C2H5O)2,1516.3471,2.2572,39
11,(C2H5O)2,1533.5492,2.3517,39
11,(C2H5O)2,2947.1896,11.3064,39
11,(C2H5O)2,2959.1233,121.1935,39
11,(C2H5O)2,2974.4186,122.9401,39
11,(C2H5O)2,2976.0964,0,39
11,(C2H5O)2,3033.033,35.2636,39
11,(C2H5O)2,3033.5693,6.4813,39
11,(C2H5O)2,3098.4797,18.0679,39
11,(C2H5O)2,3098.7784,42.2387,39
11,(C2H5O)2,3105.8592,0,39
11,(C2H5O)2,3106.0708,61.9924,39
12,(CH3)2O,206.6496,0,21
12,(CH3)2O,241.9413,7.2965,21
12,(CH3)2O,408.8054,2.1742,21
12,(CH3)2O,936.1324,42.377,21
12,(CH3)2O,1114.7152,46.5483,21
12,(CH3)2O,1156.7186,0,21
12,(CH3)2O,1186.9356,6.5808,21
12,(CH3)2O,1193.1381,100.0613,21
12,(CH3)2O,1262.4273,4.7033,21
12,(CH3)2O,1459.043,2.2414,21
12,(CH3)2O,1479.5307,0,21
12,(CH3)2O,1485.0747,0.3547,21
12,(CH3)2O,1487.9815,15.331,21
12,(CH3)2O,1494.7037,14.6101,21
12,(CH3)2O,1513.1902,2.6861,21
12,(CH3)2O,2957.7996,60.0939,21
12,(CH3)2O,2970.0035,76.3837,21
12,(CH3)2O,3003.6683,145.4097,21
12,(CH3)2O,3007.8798,0,21
12,(CH3)2O,3113.1619,33.0907,21
12,(CH3)2O,3114.3251,21.6372,21
13,BH3,1158.0215,88.4125,6
13,BH3,1197.5852,14.1226,6
13,BH3,1197.5856,14.1232,6
13,BH3,2553.3892,0,6
13,BH3,2681.7439,132.7147,6
13,BH3,2681.7446,132.7147,6
14,C2H4,834.4924,0.6995,12
14,C2H4,974.3553,112.4217,12
14,C2H4,976.4458,0,12
14,C2H4,1058.3251,0,12
14,C2H4,1238.009,0,12
14,C2H4,1377.3156,0,12
14,C2H4,1471.4786,10.1203,12
14,C2H4,1683.5625,0,12
14,C2H4,3122.048,16.9895,12
14,C2H4,3136.4646,0,12
14,C2H4,3193.8235,0,12
14,C2H4,3222.227,25.6038,12
15,C2H4O,817.9511,0.1906,15
15,C2H4O,838.0698,11.7899,15
15,C2H4O,884.2983,78.4368,15
15,C2H4O,1039.1701,0,15
15,C2H4O,1140.5251,0.0092,15
15,C2H4O,1149.7508,2.0335,15
15,C2H4O,1164.6381,3.798,15
15,C2H4O,1172.0327,0,15
15,C2H4O,1298.6672,15.0917,15
15,C2H4O,1502.1193,0.0617,15
15,C2H4O,1536.4271,3.6336,15
15,C2H4O,3081.7412,37.3495,15
15,C2H4O,3088.5266,15.8925,15
15,C2H4O,3163.7195,0,15
15,C2H4O,3178.8048,48.6577,15
16,C2H6,308.1118,0,18
16,C2H6,827.3446,4.1064,18
16,C2H6,827.3683,4.1058,18
16,C2H6,997.388,0,18
16,C2H6,1217.9119,0,18
16,C2H6,1217.9678,0,18
16,C2H6,1408.5953,2.0014,18
16,C2H6,1423.7948,0,18
16,C2H6,1503.3759,0,18
16,C2H6,1503.3959,0,18
16,C2H6,1505.5468,11.4616,18
16,C2H6,1505.5929,11.4622,18
16,C2H6,3023.4805,0.0004,18
16,C2H6,3023.6359,64.7321,18
16,C2H6,3069.0092,0,18
16,C2H6,3069.0223,0,18
16,C2H6,3094.0363,72.4648,18
16,C2H6,3094.0488,72.4626,18
17,C2H6SO,173.1312,0.0036,24
17,C2H6SO,218.0147,0.3954,24
17,C2H6SO,278.1098,0.4766,24
17,C2H6SO,305.0037,9.3673,24
17,C2H6SO,356.4019,8.6188,24
17,C2H6SO,623.4237,8.9131,24
17,C2H6SO,653.2632,18.5988,24
17,C2H6SO,895.4532,1.1986,24
17,C2H6SO,928.7751,6.0767,24
17,C2H6SO,954.0758,24.7333,24
17,C2H6SO,1025.1255,14.7881,24
17,C2H6SO,1051.1725,135.8596,24
17,C2H6SO,1320.0303,1.6399,24
17,C2H6SO,1342.8606,8.1055,24
17,C2H6SO,1440.0114,11.1627,24
17,C2H6SO,1453.2548,4.9738,24
17,C2H6SO,1455.2919,0.0032,24
17,C2H6SO,1470.7692,25.2426,24
17,C2H6SO,3037.3745,5.0891,24
17,C2H6SO,3039.8069,9.1857,24
17,C2H6SO,3134.5906,0.1023,24
17,C2H6SO,3138.5793,11.0772,24
17,C2H6SO,3146.7806,1.4076,24
17,C2H6SO,3147.4633,3.4456,24
18,C3H8,220.9179,0,27
18,C3H8,270.0561,0.0004,27
18,C3H8,367.3421,0.0515,27
18,C3H8,752.8913,3.1283,27
18,C3H8,870.3755,0.8269,27
18,C3H8,912.2303,0,27
18,C3H8,932.364,1.5957,27
18,C3H8,1057.1402,1.0671,27
18,C3H8,1174.6502,1.2699,27
18,C3H8,1211.2245,0.1436,27
18,C3H8,1316.6205,0,27
18,C3H8,1366.8375,2.61,27
18,C3H8,1404.2129,5.7488,27
18,C3H8,1421.0535,3.3643,27
18,C3H8,1490.3279,0,27
18,C3H8,1491.7687,0.0077,27
18,C3H8,1497.115,2.4666,27
18,C3H8,1507.4756,15.537,27
18,C3H8,1512.7806,6.7209,27
18,C3H8,3011.5493,22.3146,27
18,C3H8,3013.2312,38.4014,27
18,C3H8,3016.9913,30.7591,27
18,C3H8,3031.5822,4.2163,27
18,C3H8,3069.5258,0,27
18,C3H8,3079.9287,32.651,27
18,C3H8,3080.8217,106.1152,27
18,C3H8,3082.5205,57.1471,27
19,C4H8O,253.5222,1.0187,36
19,C4H8O,266.6049,22.0298,36
19,C4H8O,416.1222,0,36
19,C4H8O,439.9236,0,36
19,C4H8O,490.4145,0,36
19,C4H8O,616.4183,14.861,36
19,C4H8O,840.0137,0,36
19,C4H8O,860.9589,0,36
19,C4H8O,882.0008,75.4942,36
19,C4H8O,891.5762,21.5116,36
19,C4H8O,1016.0742,0,36
19,C4H8O,1061.0615,9.6588,36
19,C4H8O,1102.075,13.5456,36
19,C4H8O,1127.1206,0,36
19,C4H8O,1133.1545,178.3272,36
19,C4H8O,1143.3149,0,36
19,C4H8O,1237.9449,0,36
19,C4H8O,1279.2545,39.8572,36
19,C4H8O,1315.811,9.1672,36
19,C4H8O,1326.0099,0,36
19,C4H8O,1358.1136,0,36
19,C4H8O,1387.4692,15.1578,36
19,C4H8O,1405.1106,3.751,36
19,C4H8O,1416.7503,0,36
19,C4H8O,1480.8605,0,36
19,C4H8O,1481.8078,1.5229,36
19,C4H8O,1489.033,15.1295,36
19,C4H8O,1494.1321,0,36
19,C4H8O,2970.7065,51.6574,36
19,C4H8O,2977.3137,0,36
19,C4H8O,2982.5531,0,36
19,C4H8O,2987.1007,170.5663,36
19,C4H8O,3086.3126,92.1687,36
19,C4H8O,3086.5363,0,36
19,C4H8O,3087.5061,43.9741,36
19,C4H8O,3088.1112,0,36
20,CCl4,219.9542,0,9
20,CCl4,219.9542,0,9
20,CCl4,314.7516,0.5108,9
20,CCl4,314.7516,0.5108,9
20,CCl4,314.7516,0.5108,9
20,CCl4,448.0778,0,9
20,CCl4,737.3819,194.6452,9
20,CCl4,737.3819,194.6452,9
20,CCl4,737.3819,194.6452,9
21,CF4,428.0375,0,9
21,CF4,428.0375,0,9
21,CF4,617.2088,3.6973,9
21,CF4,617.2088,3.6973,9
21,CF4,617.2088,3.6973,9
21,CF4,892.3204,0,9
21,CF4,1236.7528,467.837,9
21,CF4,1236.7528,467.837,9
21,CF4,1236.7528,467.837,9
22,CH3CH2COOH,49.2456,0.0016,27
22,CH3CH2COOH,206.4225,0.0022,27
22,CH3CH2COOH,248.9208,2.7148,27
22,CH3CH2COOH,466.1348,20.3771,27
22,CH3CH2COOH,516.8752,30.4664,27
22,CH3CH2COOH,614.0855,16.8051,27
22,CH3CH2COOH,646.3691,90.9417,27
22,CH3CH2COOH,814.0369,9.6342,27
22,CH3CH2COOH,814.3914,16.2352,27
22,CH3CH2COOH,1012.4736,0.9964,27
22,CH3CH2COOH,1080.9021,92.7739,27
22,CH3CH2COOH,1110.9891,0.3347,27
22,CH3CH2COOH,1160.2747,246.2324,27
22,CH3CH2COOH,1284.5479,0.0839,27
22,CH3CH2COOH,1300.6915,2.9866,27
22,CH3CH2COOH,1400.3969,50.5888,27
22,CH3CH2COOH,1422.0232,3.2402,27
22,CH3CH2COOH,1461.3675,16.5384,27
22,CH3CH2COOH,1494.8263,7.7374,27
22,CH3CH2COOH,1503.2022,10.2794,27
22,CH3CH2COOH,1813.1344,313.8179,27
22,CH3CH2COOH,3036.4984,11.3112,27
22,CH3CH2COOH,3043.1398,20.3311,27
22,CH3CH2COOH,3062.1504,3.2834,27
22,CH3CH2COOH,3107.9899,21.6323,27
22,CH3CH2COOH,3114.5021,22.9921,27
22,CH3CH2COOH,3759.5879,62.7568,27
23,CH3CH2OH,229.2902,86.6802,21
23,CH3CH2OH,269.8386,50.3189,21
23,CH3CH2OH,416.7463,12.5842,21
23,CH3CH2OH,820.325,0.2004,21
23,CH3CH2OH,895.5648,14.9754,21
23,CH3CH2OH,1031.3258,66.9138,21
23,CH3CH2OH,1093.3312,24.8105,21
23,CH3CH2OH,1175.2513,3.6037,21
23,CH3CH2OH,1261.2161,68.7735,21
23,CH3CH2OH,1298.0621,0.0864,21
23,CH3CH2OH,1402.972,1.9415,21
23,CH3CH2OH,1445.752,13.1032,21
23,CH3CH2OH,1481.0122,6.8316,21
23,CH3CH2OH,1499.5604,3.1732,21
23,CH3CH2OH,1524.8999,1.6398,21
23,CH3CH2OH,2978.9776,71.4928,21
23,CH3CH2OH,3005.1718,52.2748,21
23,CH3CH2OH,3032.2145,16.6293,21
23,CH3CH2OH,3098.0864,30.7494,21
23,CH3CH2OH,3105.111,33.5467,21
23,CH3CH2OH,3843.9611,28.2198,21
24,CH3CN,381.7516,0.1693,12
24,CH3CN,381.7518,0.1693,12
24,CH3CN,929.7559,1.5725,12
24,CH3CN,1061.2377,2.1955,12
24,CH3CN,1061.2377,2.1955,12
24,CH3CN,1411.508,3.0218,12
24,CH3CN,1474.8549,12.1229,12
24,CH3CN,1474.8549,12.1232,12
24,CH3CN,2362.8365,11.9707,12
24,CH3CN,3046.3336,3.4748,12
24,CH3CN,3116.2274,1.2751,12
24,CH3CN,3116.2275,1.2751,12
25,CH3COCH3,-29.5437,0,24
25,CH3COCH3,126.7262,0.0289,24
25,CH3COCH3,380.6825,1.5668,24
25,CH3COCH3,490.223,0.4542,24
25,CH3COCH3,536.0544,13.5981,24
25,CH3COCH3,783.4282,1.6507,24
25,CH3COCH3,882.8423,0,24
25,CH3COCH3,885.8595,8.529,24
25,CH3COCH3,1083.1688,0.0008,24
25,CH3COCH3,1116.5109,2.6062,24
25,CH3COCH3,1232.8324,74.3305,24
25,CH3COCH3,1385.7999,21.4044,24
25,CH3COCH3,1386.5329,61.6448,24
25,CH3COCH3,1460.0247,0.8457,24
25,CH3COCH3,1464.7712,0,24
25,CH3COCH3,1470.5524,31.9942,24
25,CH3COCH3,1487.2202,24.156,24
25,CH3COCH3,1784.8274,207.8697,24
25,CH3COCH3,3023.5848,1.4201,24
25,CH3COCH3,3030.7409,7.6139,24
25,CH3COCH3,3078.0815,0,24
25,CH3COCH3,3085.4452,20.0956,24
25,CH3COCH3,3139.0034,12.3933,24
25,CH3COCH3,3140.0038,7.3225,24
26,CH3OH,296.3851,134.9272,12
26,CH3OH,1042.698,129.0148,12
26,CH3OH,1070.4294,0.6768,12
26,CH3OH,1167.6936,0.2283,12
26,CH3OH,1356.1045,20.7846,12
26,CH3OH,1479.9567,5.0851,12
26,CH3OH,1493.7916,3.2679,12
26,CH3OH,1505.016,5.0205,12
26,CH3OH,2989.1931,68.4606,12
26,CH3OH,3036.4092,63.7991,12
26,CH3OH,3112.4403,27.3503,12
26,CH3OH,3847.8464,30.1008,12
27,CH4,1339.5198,18.143,9
27,CH4,1339.5198,18.143,9
27,CH4,1339.5198,18.143,9
27,CH4,1557.6391,0,9
27,CH4,1557.6391,0,9
27,CH4,3026.2487,0,9
27,CH4,3131.5537,25.9299,9
27,CH4,3131.5537,25.9299,9
27,CH4,3131.5537,25.9299,9
28,CNH3O,227.87,234.5492,12
28,CNH3O,567.9085,10.5718,12
28,CNH3O,633.8886,17.2106,12
28,CNH3O,1037.393,2.6273,12
28,CNH3O,1053.2566,5.1544,12
28,CNH3O,1263.6577,116.5977,12
28,CNH3O,1416.0664,6.5127,12
28,CNH3O,1617.9064,61.9522,12
28,CNH3O,1788.7986,465.829,12
28,CNH3O,2946.8986,103.4654,12
28,CNH3O,3581.0708,35.687,12
28,CNH3O,3718.3473,45.1198,12
29,CO2,668.4649,33.0586,4
29,CO2,668.4649,33.0586,4
29,CO2,1373.0731,0,4
29,CO2,2420.2601,711.472,4
30,H2O2,361.1479,228.0486,6
30,H2O2,932.391,1.1146,6
30,H2O2,1294.7729,92.014,6
30,H2O2,1452.4442,0.0009,6
30,H2O2,3778.7132,67.9014,6
30,H2O2,3779.6758,13.3561,6
31,C5NH5,380.6692,0,27
31,C5NH5,417.0513,4.0081,27
31,C5NH5,616.1672,3.6045,27
31,C5NH5,669.1388,0.2994,27
31,C5NH5,714.3911,67.2472,27
31,C5NH5,757.7064,11.7035,27
31,C5NH5,892.775,0,27
31,C5NH5,954.3482,0.0269,27
31,C5NH5,996.7762,0,27
31,C5NH5,1005.7789,0.0061,27
31,C5NH5,1010.2599,4.8554,27
31,C5NH5,1046.8579,6.186,27
31,C5NH5,1076.3553,0.002,27
31,C5NH5,1092.4471,5.2786,27
31,C5NH5,1169.9591,2.4481,27
31,C5NH5,1241.4699,4.6516,27
31,C5NH5,1284.0612,0.0394,27
31,C5NH5,1383.7926,0.0492,27
31,C5NH5,1469.7323,26.9123,27
31,C5NH5,1510.1584,2.4688,27
31,C5NH5,1617.2358,10.1098,27
31,C5NH5,1623.7553,23.8424,27
31,C5NH5,3147.1701,27.8742,27
31,C5NH5,3149.498,4.0492,27
31,C5NH5,3169.6958,5.0842,27
31,C5NH5,3185.59,25.2686,27
31,C5NH5,3193.3758,6.8394,27
32,HBO2,464.3163,51.1158,6
32,HBO2,517.6833,51.4943,6
32,HBO2,937.5828,177.952,6
32,HBO2,1027.8214,6.9915,6
32,HBO2,2080.5638,441.4599,6
32,HBO2,3878.6958,185.7384,6
33,C6H5OH,227.2498,1.5021,33
33,C6H5OH,310.4821,111.0831,33
33,C6H5OH,405.3147,10.3884,33
33,C6H5OH,417.0037,0.9042,33
33,C6H5OH,509.2648,14.0031,33
33,C6H5OH,535.7663,2.11,33
33,C6H5OH,632.6244,0.3775,33
33,C6H5OH,668.6833,9.7945,33
33,C6H5OH,748.8445,84.4554,33
33,C6H5OH,820.5816,0.0402,33
33,C6H5OH,827.5101,22.6398,33
33,C6H5OH,878.191,5.0724,33
33,C6H5OH,951.9225,0.1765,33
33,C6H5OH,971.9349,0.0509,33
33,C6H5OH,1012.4632,2.3727,33
33,C6H5OH,1042.6963,5.6405,33
33,C6H5OH,1092.6523,14.7011,33
33,C6H5OH,1176.4415,23.3984,33
33,C6H5OH,1190.0947,1.1569,33
33,C6H5OH,1192.1385,130.3889,33
33,C6H5OH,1275.4624,91.6762,33
33,C6H5OH,1348.5124,5.634,33
33,C6H5OH,1367.8085,27.4709,33
33,C6H5OH,1499.3002,22.8827,33
33,C6H5OH,1526.5049,59.837,33
33,C6H5OH,1635.3083,48.3283,33
33,C6H5OH,1646.0053,40.4829,33
33,C6H5OH,3147.4606,13.8245,33
33,C6H5OH,3166.4941,0.1066,33
33,C6H5OH,3175.165,16.6662,33
33,C6H5OH,3189.2772,16.3743,33
33,C6H5OH,3195.8924,4.3151,33
33,C6H5OH,3835.5275,61.5147,33
34,HF,4097.4889,130.1369,1
35,C6H6,409.3412,0,30
35,C6H6,409.3414,0,30
35,C6H6,622.1832,0,30
35,C6H6,622.1848,0,30
35,C6H6,686.1013,122.028,30
35,C6H6,719.1859,0.0001,30
35,C6H6,862.0968,0,30
35,C6H6,862.0975,0,30
35,C6H6,979.5108,0,30
35,C6H6,979.5109,0,30
35,C6H6,1010.8002,0,30
35,C6H6,1011.0831,0,30
35,C6H6,1022.2868,0,30
35,C6H6,1058.8761,6.4062,30
35,C6H6,1058.8766,6.4063,30
35,C6H6,1174.5234,0,30
35,C6H6,1197.1705,0,30
35,C6H6,1197.1707,0,30
35,C6H6,1336.4521,0,30
35,C6H6,1380.6654,0,30
35,C6H6,1510.2177,7.1085,30
35,C6H6,1510.2182,7.1079,30
35,C6H6,1633.699,0,30
35,C6H6,1633.6999,0,30
35,C6H6,3154.9422,0,30
35,C6H6,3165.1573,0,30
35,C6H6,3165.1574,0,30
35,C6H6,3180.8894,37.2685,30
35,C6H6,3180.8899,37.265,30
35,C6H6,3191.0383,0,30
37,H2S,1207.4716,4.5329,3
37,H2S,2674.0581,2.4144,3
37,H2S,2689.2375,2.7868,3
38,CHBr3,150.5744,0.0312,9
38,CHBr3,150.5749,0.0312,9
38,CHBr3,219.8219,0.0001,9
38,CHBr3,529.6813,0.4395,9
38,CHBr3,627.4406,126.7453,9
38,CHBr3,627.4555,126.7462,9
38,CHBr3,1169.5805,43.7528,9
38,CHBr3,1169.5808,43.752,9
38,CHBr3,3195.6115,4.4968,9
39,C4H4S,455.4207,0.6771,21
39,C4H4S,571.7006,0,21
39,C4H4S,613.2813,0.3603,21
39,C4H4S,689.8005,0,21
39,C4H4S,720.3992,142.672,21
39,C4H4S,744.3112,0.3939,21
39,C4H4S,834.6534,26.8738,21
39,C4H4S,876.6335,1.6328,21
39,C4H4S,885.7909,0.262,21
39,C4H4S,919.557,0,21
39,C4H4S,1051.904,3.1501,21
39,C4H4S,1105.8437,4.4682,21
39,C4H4S,1106.8921,5.039,21
39,C4H4S,1275.202,11.487,21
39,C4H4S,1393.3313,0.6898,21
39,C4H4S,1444.5577,11.4613,21
39,C4H4S,1552.4444,0.2529,21
39,C4H4S,3196.5845,3.8813,21
39,C4H4S,3209.9695,3.6728,21
39,C4H4S,3244.6757,0.0376,21
39,C4H4S,3247.3785,1.2474,21
40,C4NH5,346.5906,3.5036,24
40,C4NH5,407.8026,0,24
40,C4NH5,636.2281,9.9665,24
40,C4NH5,695.9758,3.0732,24
40,C4NH5,732.5655,44.021,24
40,C4NH5,819.8861,6.5124,24
40,C4NH5,974.9149,0.0194,24
40,C4NH5,993.4636,0,24
40,C4NH5,1010.3512,0.0008,24
40,C4NH5,1010.7509,3.536,24
40,C4NH5,1079.8842,1.0007,24
40,C4NH5,1093.5326,3.8795,24
40,C4NH5,1160.3853,0.916,24
40,C4NH5,1213.9333,4.4124,24
40,C4NH5,1252.2725,10.0287,24
40,C4NH5,1392.8227,0.2717,24
40,C4NH5,1434.5643,59.5692,24
40,C4NH5,1491.4468,6.3456,24
40,C4NH5,1607.2828,45.8955,24
40,C4NH5,1607.888,85.0145,24
40,C4NH5,3150.7032,14.1385,24
40,C4NH5,3153.8285,18.1968,24
40,C4NH5,3166.4252,13.5754,24
40,C4NH5,3197.8911,8.8885,24
41,C5H6,347.101,7.489,27
41,C5H6,523.0945,0,27
41,C5H6,678.9333,85.6352,27
41,C5H6,712.4662,0,27
41,C5H6,816.5676,0.0026,27
41,C5H6,818.9448,5.9714,27
41,C5H6,916.0385,33.4319,27
41,C5H6,924.589,11.8189,27
41,C5H6,954.4232,0,27
41,C5H6,955.2996,0.2757,27
41,C5H6,970.1871,16.3339,27
41,C5H6,1013.2117,0.2501,27
41,C5H6,1111.418,2.5425,27
41,C5H6,1124.7091,0,27
41,C5H6,1129.2177,0.2802,27
41,C5H6,1266.0348,2.1704,27
41,C5H6,1314.3125,0.9512,27
41,C5H6,1395.9004,17.3907,27
41,C5H6,1413.2046,9.7131,27
41,C5H6,1545.2337,1.1629,27
41,C5H6,1631.2379,0.0132,27
41,C5H6,3009.1027,9.5773,27
41,C5H6,3030.2063,7.2878,27
41,C5H6,3187.932,3.396,27
41,C5H6,3197.9517,11.6391,27
41,C5H6,3216.1964,17.6189,27
41,C5H6,3222.5836,2.0768,27
42,C6H12,230.9805,0.0002,48
42,C6H12,231.584,0.0002,48
42,C6H12,376.5496,0,48
42,C6H12,431.8368,0,48
42,C6H12,432.369,0,48
42,C6H12,522.6142,0.6358,48
42,C6H12,794.0731,0,48
42,C6H12,794.5157,0,48
42,C6H12,800.0142,0,48
42,C6H12,863.7959,2.1184,48
42,C6H12,864.1302,2.1135,48
42,C6H12,918.1603,1.9813,48
42,C6H12,918.4219,1.9552,48
42,C6H12,1035.3758,0,48
42,C6H12,1035.6097,0,48
42,C6H12,1041.4059,2.6036,48
42,C6H12,1077.2304,0,48
42,C6H12,1095.8768,0,48
42,C6H12,1131.1032,0,48
42,C6H12,1179.758,0,48
42,C6H12,1286.397,1.6573,48
42,C6H12,1286.707,1.6528,48
42,C6H12,1292.2761,0,48
42,C6H12,1292.363,0,48
42,C6H12,1349.8067,0,48
42,C6H12,1370.5974,0,48
42,C6H12,1376.4976,0,48
42,C6H12,1376.6021,0,48
42,C6H12,1383.9879,0.1239,48
42,C6H12,1384.0484,0.1244,48
42,C6H12,1484.5308,0,48
42,C6H12,1484.7844,0,48
42,C6H12,1489.7346,6.2956,48
42,C6H12,1489.9713,6.2873,48
42,C6H12,1495.054,15.1686,48
42,C6H12,1509.7703,0,48
42,C6H12,2992.3609,27.216,48
42,C6H12,2992.3993,27.2539,48
42,C6H12,2993.4991,0,48
42,C6H12,2999.7851,0,48
42,C6H12,2999.8156,0,48
42,C6H12,3002.9451,78.346,48
42,C6H12,3042.3118,127.4271,48
42,C6H12,3042.3611,127.3848,48
42,C6H12,3044.4142,0,48
42,C6H12,3044.4642,0,48
42,C6H12,3046.4492,0,48
42,C6H12,3052.4727,153.7115,48
43,C6H5CH3,-9.7074,0.2462,39
43,C6H5CH3,207.4232,2.3923,39
43,C6H5CH3,343.5811,0.3778,39
43,C6H5CH3,412.7246,0.0077,39
43,C6H5CH3,475.4848,9.7452,39
43,C6H5CH3,528.7321,0.5702,39
43,C6H5CH3,636.7219,0.0982,39
43,C6H5CH3,710.6094,32.6051,39
43,C6H5CH3,744.4735,48.5589,39
43,C6H5CH3,798.4324,0.8402,39
43,C6H5CH3,853.8154,0.0242,39
43,C6H5CH3,909.6117,0.7938,39
43,C6H5CH3,976.0046,0.0006,39
43,C6H5CH3,993.6615,0.0474,39
43,C6H5CH3,999.9765,0.1507,39
43,C6H5CH3,1017.0174,0.0832,39
43,C6H5CH3,1049.866,3.6463,39
43,C6H5CH3,1062.5118,8.39,39
43,C6H5CH3,1110.5303,6.3233,39
43,C6H5CH3,1180.5911,0.0552,39
43,C6H5CH3,1202.7705,0.4357,39
43,C6H5CH3,1228.7025,1.0068,39
43,C6H5CH3,1328.0311,0.0462,39
43,C6H5CH3,1355.4744,0.0012,39
43,C6H5CH3,1414.5575,1.1696,39
43,C6H5CH3,1468.1555,0.0102,39
43,C6H5CH3,1490.3293,7.2487,39
43,C6H5CH3,1502.0325,13.2714,39
43,C6H5CH3,1526.8538,13.6108,39
43,C6H5CH3,1622.7493,0.2552,39
43,C6H5CH3,1645.0553,9.0957,39
43,C6H5CH3,3020.007,29.3043,39
43,C6H5CH3,3073.5145,19.4838,39
43,C6H5CH3,3099.2416,16.769,39
43,C6H5CH3,3152.145,8.9106,39
43,C6H5CH3,3153.6549,6.152,39
43,C6H5CH3,3166.4564,6.9876,39
43,C6H5CH3,3174.9548,35.6766,39
43,C6H5CH3,3187.3945,14.067,39
44,C4H4N2,346.5906,3.5036,24
44,C4H4N2,407.8026,0,24
44,C4H4N2,636.2281,9.9665,24
44,C4H4N2,695.9758,3.0732,24
44,C4H4N2,732.5655,44.021,24
44,C4H4N2,819.8861,6.5124,24
44,C4H4N2,974.9149,0.0194,24
44,C4H4N2,993.4636,0,24
44,C4H4N2,1010.3512,0.0008,24
44,C4H4N2,1010.7509,3.536,24
44,C4H4N2,1079.8842,1.0007,24
44,C4H4N2,1093.5326,3.8795,24
44,C4H4N2,1160.3853,0.916,24
44,C4H4N2,1213.9333,4.4124,24
44,C4H4N2,1252.2725,10.0287,24
44,C4H4N2,1392.8227,0.2717,24
44,C4H4N2,1434.5643,59.5692,24
44,C4H4N2,1491.4468,6.3456,24
44,C4H4N2,1607.2828,45.8955,24
44,C4H4N2,1607.888,85.0145,24
44,C4H4N2,3150.7032,14.1385,24
44,C4H4N2,3153.8285,18.1968,24
44,C4H4N2,3166.4252,13.5754,24
44,C4H4N2,3197.8911,8.8885,24
45,HOCN,453.5437,15.1706,6
45,HOCN,512.5636,2.8253,6
45,HOCN,1099.1966,77.0366,6
45,HOCN,1232.7686,91.1213,6
45,HOCN,2376.9506,143.4293,6
45,HOCN,3771.7771,160.5296,6
46,C3H3NO,183.2672,7.3719,18
46,C3H3NO,192.9482,20.595,18
46,C3H3NO,344.6361,116.5113,18
46,C3H3NO,448.8732,4.8148,18
46,C3H3NO,531.629,9.1177,18
46,C3H3NO,567.0334,4.8728,18
46,C3H3NO,831.93,20.0277,18
46,C3H3NO,956.2916,36.194,18
46,C3H3NO,1027.7857,8.6485,18
46,C3H3NO,1174.1198,9.0137,18
46,C3H3NO,1221.1323,310.0846,18
46,C3H3NO,1344.8651,49.3499,18
46,C3H3NO,1360.9679,28.2203,18
46,C3H3NO,1714.8935,171.1717,18
46,C3H3NO,2324.4615,61.4193,18
46,C3H3NO,3165.0149,5.4988,18
46,C3H3NO,3182.8365,5.1093,18
46,C3H3NO,3855.1265,164.4308,18
47,CHF3,499.789,2.3493,9
47,CHF3,499.7891,2.3494,9
47,CHF3,687.5511,14.0407,9
47,CHF3,1122.4082,107.8482,9
47,CHF3,1125.6676,342.1534,9
47,CHF3,1125.6749,342.1432,9
47,CHF3,1379.3834,45.8769,9
47,CHF3,1379.3849,45.8785,9
47,CHF3,3140.1968,32.8348,9
48,CHCl3,261.3485,0.0033,9
48,CHCl3,261.3501,0.0033,9
48,CHCl3,364.9068,0.21,9
48,CHCl3,661.8457,5.1525,9
48,CHCl3,729.9275,191.1505,9
48,CHCl3,729.9417,191.149,9
48,CHCl3,1244.4873,27.7527,9
48,CHCl3,1244.4884,27.7532,9
48,CHCl3,3180.5563,0.1781,9
51,C5H5CN,124.5737,1.9888,30
51,C5H5CN,171.7147,3.8627,30
51,C5H5CN,382.4527,2.9222,30
51,C5H5CN,482.2978,0.0188,30
51,C5H5CN,523.7217,2.5045,30
51,C5H5CN,595.2942,0.4749,30
51,C5H5CN,699.1713,61.9005,30
51,C5H5CN,726.8802,0.6796,30
51,C5H5CN,812.7984,3.5565,30
51,C5H5CN,830.11,31.4375,30
51,C5H5CN,889.2556,32.8512,30
51,C5H5CN,960.5541,0.2309,30
51,C5H5CN,962.9695,0.5834,30
51,C5H5CN,995.3058,3.0139,30
51,C5H5CN,1026.5375,13.3563,30
51,C5H5CN,1037.8297,0.8615,30
51,C5H5CN,1111.9423,1.698,30
51,C5H5CN,1133.534,0.2175,30
51,C5H5CN,1195.7353,2.7245,30
51,C5H5CN,1265.625,1.9029,30
51,C5H5CN,1303.9252,0.7002,30
51,C5H5CN,1391.2006,4.7889,30
51,C5H5CN,1559.1267,0.4924,30
51,C5H5CN,1642.1123,0.0366,30
51,C5H5CN,2349.4827,22.5641,30
51,C5H5CN,2995.0923,0.9145,30
51,C5H5CN,3199.5536,4.9643,30
51,C5H5CN,3210.1956,4.0092,30
51,C5H5CN,3234.1139,1.6188,30
51,C5H5CN,3238.2091,2.0703,30
52,C6H5CN,146.0648,1.7959,33
52,C6H5CN,169.088,4.436,33
52,C6H5CN,390.0137,0.4055,33
52,C6H5CN,406.5322,0,33
52,C6H5CN,466.037,0.0017,33
52,C6H5CN,569.1888,0.2099,33
52,C6H5CN,572.7049,16.6868,33
52,C6H5CN,639.2186,0.1599,33
52,C6H5CN,700.771,36.5234,33
52,C6H5CN,772.2727,2.2717,33
52,C6H5CN,776.6094,45.9429,33
52,C6H5CN,857.7804,0,33
52,C6H5CN,943.2806,3.6515,33
52,C6H5CN,987.301,0,33
52,C6H5CN,1005.9728,0.0629,33
52,C6H5CN,1015.5931,0.1603,33
52,C6H5CN,1047.7216,4.4352,33
52,C6H5CN,1103.4144,4.6599,33
52,C6H5CN,1186.836,0.2223,33
52,C6H5CN,1200.5149,1.1218,33
52,C6H5CN,1218.2928,0.2917,33
52,C6H5CN,1320.5429,1.7881,33
52,C6H5CN,1354.6045,0.8717,33
52,C6H5CN,1474.9941,6.5794,33
52,C6H5CN,1521.5948,8.9285,33
52,C6H5CN,1613.8646,1.0021,33
52,C6H5CN,1640.2813,0.7628,33
52,C6H5CN,2332.6464,37.4765,33
52,C6H5CN,3171.0496,0.0357,33
52,C6H5CN,3181.3478,4.0498,33
52,C6H5CN,3189.5544,9.3038,33
52,C6H5CN,3198.654,7.1999,33
52,C6H5CN,3201.5609,2.4141,33
53,C6H5CH3,-9.7074,0.2462,39
53,C6H5CH3,207.4232,2.3923,39
53,C6H5CH3,343.5811,0.3778,39
53,C6H5CH3,412.7246,0.0077,39
53,C6H5CH3,475.4848,9.7452,39
53,C6H5CH3,528.7321,0.5702,39
53,C6H5CH3,636.7219,0.0982,39
53,C6H5CH3,710.6094,32.6051,39
53,C6H5CH3,744.4735,48.5589,39
53,C6H5CH3,798.4324,0.8402,39
53,C6H5CH3,853.8154,0.0242,39
53,C6H5CH3,909.6117,0.7938,39
53,C6H5CH3,976.0046,0.0006,39
53,C6H5CH3,993.6615,0.0474,39
53,C6H5CH3,999.9765,0.1507,39
53,C6H5CH3,1017.0174,0.0832,39
53,C6H5CH3,1049.866,3.6463,39
53,C6H5CH3,1062.5118,8.39,39
53,C6H5CH3,1110.5303,6.3233,39
53,C6H5CH3,1180.5911,0.0552,39
53,C6H5CH3,1202.7705,0.4357,39
53,C6H5CH3,1228.7025,1.0068,39
53,C6H5CH3,1328.0311,0.0462,39
53,C6H5CH3,1355.4744,0.0012,39
53,C6H5CH3,1414.5575,1.1696,39
53,C6H5CH3,1468.1555,0.0102,39
53,C6H5CH3,1490.3293,7.2487,39
53,C6H5CH3,1502.0325,13.2714,39
53,C6H5CH3,1526.8538,13.6108,39
53,C6H5CH3,1622.7493,0.2552,39
53,C6H5CH3,1645.0553,9.0957,39
53,C6H5CH3,3020.007,29.3043,39
53,C6H5CH3,3073.5145,19.4838,39
53,C6H5CH3,3099.2416,16.769,39
53,C6H5CH3,3152.145,8.9106,39
53,C6H5CH3,3153.6549,6.152,39
53,C6H5CH3,3166.4564,6.9876,39
53,C6H5CH3,3174.9548,35.6766,39
53,C6H5CH3,3187.3945,14.067,39
54,C3H3CN,206.7303,3.4859,18
54,C3H3CN,220.2278,1.2197,18
54,C3H3CN,529.1043,28.9511,18
54,C3H3CN,546.7759,2.3822,18
54,C3H3CN,602.09,58.2839,18
54,C3H3CN,773.1226,0.0064,18
54,C3H3CN,818.8451,2.5114,18
54,C3H3CN,897.9725,7.4616,18
54,C3H3CN,963.2194,7.6179,18
54,C3H3CN,992.5109,39.535,18
54,C3H3CN,1029.0451,2.1346,18
54,C3H3CN,1162.4352,2.7561,18
54,C3H3CN,1350.9153,4.7721,18
54,C3H3CN,1669.2559,23.7258,18
54,C3H3CN,2146.4743,0.2276,18
54,C3H3CN,3165.5243,11.1515,18
54,C3H3CN,3300.1468,8.6127,18
54,C3H3CN,3345.2834,2.2917,18
55,C4H3CN,177.2558,0.2038,21
55,C4H3CN,183.3651,4.3199,21
55,C4H3CN,484.9096,0.6241,21
55,C4H3CN,518.0263,8.2805,21
55,C4H3CN,536.6338,36.4748,21
55,C4H3CN,604.9584,0.9946,21
55,C4H3CN,628.4155,58.0374,21
55,C4H3CN,803.4259,3.0394,21
55,C4H3CN,839.5124,15.3564,21
55,C4H3CN,895.8593,0.6067,21
55,C4H3CN,916.003,11.1489,21
55,C4H3CN,1061.3937,0.936,21
55,C4H3CN,1141.1751,1.3809,21
55,C4H3CN,1192.7814,1.7545,21
55,C4H3CN,1233.0465,23.0733,21
55,C4H3CN,1617.0272,0.3918,21
55,C4H3CN,1652.6756,11.4559,21
55,C4H3CN,2295.2224,51.8683,21
55,C4H3CN,3216.6386,2.0777,21
55,C4H3CN,3226.9604,2.0383,21
55,C4H3CN,3254.6174,1.6303,21
56,C10H7CN,88.2748,1.323,51
56,C10H7CN,139.2791,4.4396,51
56,C10H7CN,179.0595,1.3317,51
56,C10H7CN,223.8336,3.528,51
56,C10H7CN,358.9437,2.644,51
56,C10H7CN,390.5988,0.0022,51
56,C10H7CN,398.1096,0.0791,51
56,C10H7CN,451.0764,0.0255,51
56,C10H7CN,485.7187,21.0501,51
56,C10H7CN,518.4196,0.1705,51
56,C10H7CN,566.3546,1.1496,51
56,C10H7CN,582.3529,1.5699,51
56,C10H7CN,633.1422,2.4339,51
56,C10H7CN,664.0122,1.4692,51
56,C10H7CN,685.5133,0.0155,51
56,C10H7CN,763.0497,37.994,51
56,C10H7CN,778.9803,0.4105,51
56,C10H7CN,781.4459,0.0268,51
56,C10H7CN,833.6693,36.7912,51
56,C10H7CN,877.4922,17.2544,51
56,C10H7CN,897.7027,1.0306,51
56,C10H7CN,921.646,14.4976,51
56,C10H7CN,971.4074,3.4948,51
56,C10H7CN,973.5303,2.3074,51
56,C10H7CN,986.9178,1.4648,51
56,C10H7CN,1001.6399,0.0008,51
56,C10H7CN,1041.2603,2.7166,51
56,C10H7CN,1145.9324,3.7496,51
56,C10H7CN,1174.3569,0.5256,51
56,C10H7CN,1180.2827,2.1981,51
56,C10H7CN,1184.7473,3.8526,51
56,C10H7CN,1233.7024,1.4354,51
56,C10H7CN,1278.3412,0.7724,51
56,C10H7CN,1290.3506,6.7787,51
56,C10H7CN,1376.6702,0.4575,51
56,C10H7CN,1395.5803,5.4895,51
56,C10H7CN,1403.7732,3.1389,51
56,C10H7CN,1465.6887,0.9201,51
56,C10H7CN,1498.4713,0.5065,51
56,C10H7CN,1537.7785,6.4197,51
56,C10H7CN,1603.6219,0.4445,51
56,C10H7CN,1638.0691,3.0268,51
56,C10H7CN,1665.3673,3.5949,51
56,C10H7CN,2329.619,62.5993,51
56,C10H7CN,3162.6777,1.1477,51
56,C10H7CN,3167.4629,0.3453,51
56,C10H7CN,3171.0919,3.7304,51
56,C10H7CN,3179.5446,18.2014,51
56,C10H7CN,3184.1375,4.0091,51
56,C10H7CN,3191.2,15.5521,51
56,C10H7CN,3198.2499,3.7562,51
57,CH,2875.5249,1.0769,1
58,CH2,1352.7643,112.043,3
58,CH2,1672.15,1710.9225,3
58,CH2,1752.6319,1091.2803,3
59,CH2CHNH,270.1861,47.0478,15
59,CH2CHNH,497.4884,3.4782,15
59,CH2CHNH,531.9437,92.594,15
59,CH2CHNH,724.3546,0.2395,15
59,CH2CHNH,990.6103,25.4774,15
59,CH2CHNH,1006.8745,0.4753,15
59,CH2CHNH,1154.6725,21.1792,15
59,CH2CHNH,1331.5879,11.0261,15
59,CH2CHNH,1353.8885,202.6003,15
59,CH2CHNH,1467.9461,18.3667,15
59,CH2CHNH,1669.6654,308.7718,15
59,CH2CHNH,2793.6785,257.8378,15
59,CH2CHNH,3107.3698,40.0765,15
59,CH2CHNH,3173.981,113.7128,15
59,CH2CHNH,3307.4475,128.839,15
60,CH3,1123.6317,6.5812,6
60,CH3,1520.544,17.1581,6
60,CH3,1520.5442,17.1578,6
60,CH3,2666.3844,198.3002,6
60,CH3,2705.1946,540.8679,6
60,CH3,2705.1946,540.8672,6
61,C3H5CN,215.9901,3.8498,24
61,C3H5CN,216.9838,2.499,24
61,C3H5CN,534.4229,0.9955,24
61,C3H5CN,554.8498,0.5455,24
61,C3H5CN,754.7288,5.5322,24
61,C3H5CN,814.9463,2.1802,24
61,C3H5CN,825.2981,10.0374,24
61,C3H5CN,895.5163,0.0865,24
61,C3H5CN,956.7873,24.5144,24
61,C3H5CN,1064.2804,7.1052,24
61,C3H5CN,1087.1631,8.3667,24
61,C3H5CN,1110.8411,0.7748,24
61,C3H5CN,1139.8049,0.5197,24
61,C3H5CN,1200.0987,0.7723,24
61,C3H5CN,1213.9497,1.0445,24
61,C3H5CN,1381.886,0.3306,24
61,C3H5CN,1470.3634,4.3755,24
61,C3H5CN,1503.8939,0.8906,24
61,C3H5CN,2341.7506,41.6581,24
61,C3H5CN,3135.3699,9.9562,24
61,C3H5CN,3138.5301,3.4962,24
61,C3H5CN,3163.5482,0.5454,24
61,C3H5CN,3218.8526,0.2195,24
61,C3H5CN,3232.7148,5.096,24
62,C4H7CN,125.3062,3.045,33
62,C4H7CN,181.1461,4.7441,33
62,C4H7CN,263.2898,1.6874,33
62,C4H7CN,528.4113,0.8561,33
62,C4H7CN,541.5825,0.0015,33
62,C4H7CN,594.1379,0.7564,33
62,C4H7CN,751.5654,1.7581,33
62,C4H7CN,792.4971,0.7624,33
62,C4H7CN,894.1443,1.6699,33
62,C4H7CN,932.9725,1.9562,33
62,C4H7CN,946.7473,0.5342,33
62,C4H7CN,953.7944,0.7819,33
62,C4H7CN,1030.1946,0.0296,33
62,C4H7CN,1069.6812,0.0157,33
62,C4H7CN,1126.7127,1.8027,33
62,C4H7CN,1206.8284,0.4421,33
62,C4H7CN,1235.602,0.1115,33
62,C4H7CN,1240.0169,0.5685,33
62,C4H7CN,1258.1671,0.0733,33
62,C4H7CN,1276.9976,2.7966,33
62,C4H7CN,1277.8151,1.0352,33
62,C4H7CN,1359.1503,1.9591,33
62,C4H7CN,1482.807,3.4975,33
62,C4H7CN,1489.4743,4.0487,33
62,C4H7CN,1513.4964,1.1012,33
62,C4H7CN,2338.6532,22.9839,33
62,C4H7CN,3056.0645,30.1358,33
62,C4H7CN,3060.9497,2.1213,33
62,C4H7CN,3064.2359,46.8243,33
62,C4H7CN,3068.115,1.7631,33
62,C4H7CN,3103.594,11.153,33
62,C4H7CN,3118.7452,13.7419,33
62,C4H7CN,3127.2541,44.3255,33
63,C10H7PH2O,37.0316,32.4078,57
63,C10H7PH2O,79.5064,5.4034,57
63,C10H7PH2O,113.0824,14.2777,57
63,C10H7PH2O,153.2066,1.3647,57
63,C10H7PH2O,214.2512,0.197,57
63,C10H7PH2O,256.4477,6.3855,57
63,C10H7PH2O,329.3176,0.1296,57
63,C10H7PH2O,349.8946,33.8669,57
63,C10H7PH2O,435.3308,33.2008,57
63,C10H7PH2O,442.7713,1.7966,57
63,C10H7PH2O,456.6957,19.0758,57
63,C10H7PH2O,498.7177,0.1384,57
63,C10H7PH2O,531.7792,0.0008,57
63,C10H7PH2O,580.3816,7.2448,57
63,C10H7PH2O,629.6622,24.6787,57
63,C10H7PH2O,690.3785,78.302,57
63,C10H7PH2O,722.3605,14.726,57
63,C10H7PH2O,795.8467,69.088,57
63,C10H7PH2O,817.4908,6.1494,57
63,C10H7PH2O,857.5633,34.9982,57
63,C10H7PH2O,879.857,10.5174,57
63,C10H7PH2O,883.6813,0.2352,57
63,C10H7PH2O,903.9127,20.0446,57
63,C10H7PH2O,922.9402,28.9083,57
63,C10H7PH2O,934.4574,0.1915,57
63,C10H7PH2O,962.087,419.2739,57
63,C10H7PH2O,962.4604,7.0411,57
63,C10H7PH2O,979.1025,6.1537,57
63,C10H7PH2O,986.4159,1.9741,57
63,C10H7PH2O,1093.3129,3.3277,57
63,C10H7PH2O,1100.235,37.3627,57
63,C10H7PH2O,1134.4369,45.0997,57
63,C10H7PH2O,1150.0559,193.4888,57
63,C10H7PH2O,1162.0145,15.8333,57
63,C10H7PH2O,1170.7135,23.0524,57
63,C10H7PH2O,1201.7408,15.0134,57
63,C10H7PH2O,1211.4321,4.477,57
63,C10H7PH2O,1256.8749,1.0047,57
63,C10H7PH2O,1295.2756,0.8569,57
63,C10H7PH2O,1345.965,15.0921,57
63,C10H7PH2O,1389.039,0.8004,57
63,C10H7PH2O,1437.9785,1.5654,57
63,C10H7PH2O,1456.594,7.6534,57
63,C10H7PH2O,1499.8874,0.6917,57
63,C10H7PH2O,1555.2551,6.6481,57
63,C10H7PH2O,1635.8309,2.0969,57
63,C10H7PH2O,1676.7472,54.2268,57
63,C10H7PH2O,1687.6673,4.8071,57
63,C10H7PH2O,2713.8941,141.1792,57
63,C10H7PH2O,2716.8578,15.5618,57
63,C10H7PH2O,2724.8995,19.2873,57
63,C10H7PH2O,2744.0056,48.6565,57
63,C10H7PH2O,2745.8568,37.1459,57
63,C10H7PH2O,2750.7706,52.8684,57
63,C10H7PH2O,2754.4042,46.5379,57
63,C10H7PH2O,2757.0868,309.6437,57
63,C10H7PH2O,2765.5419,132.219,57
64,C5H4,215.8614,1.5468,21
64,C5H4,219.4819,1.5474,21
64,C5H4,507.0787,0.25,21
64,C5H4,546.1233,1.3505,21
64,C5H4,825.5518,32.7855,21
64,C5H4,834.8885,22.6281,21
64,C5H4,834.9615,51.8206,21
64,C5H4,864.0688,90.2425,21
64,C5H4,869.6617,1.0287,21
64,C5H4,941.3387,1.8406,21
64,C5H4,955.7887,19.0868,21
64,C5H4,1022.8372,19.3311,21
64,C5H4,1026.8774,0.2058,21
64,C5H4,1208.07,1.5707,21
64,C5H4,1317.3047,10.1496,21
64,C5H4,1878.6808,1.1376,21
64,C5H4,2390.2616,7.9247,21
64,C5H4,2726.3038,93.6404,21
64,C5H4,2808.0961,272.4322,21
64,C5H4,2836.02,111.8949,21
64,C5H4,2892.198,228.8973,21
65,C4H3O,71.4484,0.6218,18
65,C4H3O,215.6204,1.7962,18
65,C4H3O,321.2362,0.8664,18
65,C4H3O,590.7073,5.2921,18
65,C4H3O,824.6948,1.1236,18
65,C4H3O,849.2485,0.9074,18
65,C4H3O,867.8181,90.6109,18
65,C4H3O,933.2833,2.1507,18
65,C4H3O,952.063,25.703,18
65,C4H3O,1002.672,10.2751,18
65,C4H3O,1025.5122,0.0064,18
65,C4H3O,1168.4936,24.3217,18
65,C4H3O,1262.84,58.192,18
65,C4H3O,1883.9026,0.3007,18
65,C4H3O,2015.9878,308.4135,18
65,C4H3O,2733.0769,111.4889,18
65,C4H3O,2799.8912,291.395,18
65,C4H3O,2830.243,79.6068,18
66,C3H3NO,110.1078,0.4563,18
66,C3H3NO,318.5759,0.0429,18
66,C3H3NO,323.6566,0.3708,18
66,C3H3NO,539.9959,2.4277,18
66,C3H3NO,822.5279,0.508,18
66,C3H3NO,840.3805,3.0826,18
66,C3H3NO,868.0679,114.3456,18
66,C3H3NO,937.0329,4.2278,18
66,C3H3NO,955.7999,29.4659,18
66,C3H3NO,1025.4763,0.1286,18
66,C3H3NO,1106.7418,13.8678,18
66,C3H3NO,1168.4848,207.8488,18
66,C3H3NO,1270.3186,13.9607,18
66,C3H3NO,1759.5153,275.5978,18
66,C3H3NO,1888.6227,0.0232,18
66,C3H3NO,2719.7927,76.0253,18
66,C3H3NO,2799.4233,293.0966,18
66,C3H3NO,2829.8176,96.9241,18
67,C5H8,49.647,0.0504,33
67,C5H8,143.1589,0.0383,33
67,C5H8,246.4582,1.1356,33
67,C5H8,387.3235,1.9114,33
67,C5H8,434.023,0.886,33
67,C5H8,810.5139,24.9691,33
67,C5H8,846.1306,5.9886,33
67,C5H8,860.3679,56.4284,33
67,C5H8,879.5484,8.757,33
67,C5H8,933.0204,43.6502,33
67,C5H8,952.7015,22.613,33
67,C5H8,966.6893,10.4928,33
67,C5H8,1017.0287,6.428,33
67,C5H8,1066.3023,8.1795,33
67,C5H8,1114.6687,1.1861,33
67,C5H8,1151.9688,3.2495,33
67,C5H8,1179.7867,4.5846,33
67,C5H8,1246.6201,7.7313,33
67,C5H8,1262.272,33.6917,33
67,C5H8,1263.6518,33.2523,33
67,C5H8,1278.2471,14.973,33
67,C5H8,1297.8312,2.2637,33
67,C5H8,1322.4952,23.3232,33
67,C5H8,1344.1191,51.4504,33
67,C5H8,1874.0439,2.0615,33
67,C5H8,2668.3632,7.7051,33
67,C5H8,2698.3972,38.3617,33
67,C5H8,2701.3791,60.4755,33
67,C5H8,2733.8641,32.0848,33
67,C5H8,2747.0962,46.2013,33
67,C5H8,2790.0996,21.6502,33
67,C5H8,2817.0781,246.0121,33
67,C5H8,2844.0075,76.9633,33
68,C3H3I,234.534,2.079,15
68,C3H3I,242.3715,1.7139,15
68,C3H3I,513.3614,42.8488,15
68,C3H3I,846.6631,11.6291,15
68,C3H3I,883.1136,70.6696,15
68,C3H3I,903.7671,0.0431,15
68,C3H3I,951.8347,7.6736,15
68,C3H3I,961.8808,29.8765,15
68,C3H3I,1024.2894,0.0392,15
68,C3H3I,1091.5148,160.518,15
68,C3H3I,1186.5007,45.3276,15
68,C3H3I,1871.2075,0.3695,15
68,C3H3I,2724.5732,119.1755,15
68,C3H3I,2800.9606,297.3603,15
68,C3H3I,2828.7511,120.169,15
69,CH2CHNH,270.1861,47.0478,15
69,CH2CHNH,497.4884,3.4782,15
69,CH2CHNH,531.9437,92.594,15
69,CH2CHNH,724.3546,0.2395,15
69,CH2CHNH,990.6103,25.4774,15
69,CH2CHNH,1006.8745,0.4753,15
69,CH2CHNH,1154.6725,21.1792,15
69,CH2CHNH,1331.5879,11.0261,15
69,CH2CHNH,1353.8885,202.6003,15
69,CH2CHNH,1467.9461,18.3667,15
69,CH2CHNH,1669.6654,308.7718,15
69,CH2CHNH,2793.6785,257.8378,15
69,CH2CHNH,3107.3698,40.0765,15
69,CH2CHNH,3173.981,113.7128,15
69,CH2CHNH,3307.4475,128.839,15
70,C5H8,49.647,0.0504,33
70,C5H8,143.1589,0.0383,33
70,C5H8,246.4582,1.1356,33
70,C5H8,387.3235,1.9114,33
70,C5H8,434.023,0.886,33
70,C5H8,810.5139,24.9691,33
70,C5H8,846.1306,5.9886,33
70,C5H8,860.3679,56.4284,33
70,C5H8,879.5484,8.757,33
70,C5H8,933.0204,43.6502,33
70,C5H8,952.7015,22.613,33
70,C5H8,966.6893,10.4928,33
70,C5H8,1017.0287,6.428,33
70,C5H8,1066.3023,8.1795,33
70,C5H8,1114.6687,1.1861,33
70,C5H8,1151.9688,3.2495,33
70,C5H8,1179.7867,4.5846,33
70,C5H8,1246.6201,7.7313,33
70,C5H8,1262.272,33.6917,33
70,C5H8,1263.6518,33.2523,33
70,C5H8,1278.2471,14.973,33
70,C5H8,1297.8312,2.2637,33
70,C5H8,1322.4952,23.3232,33
70,C5H8,1344.1191,51.4504,33
70,C5H8,1874.0439,2.0615,33
70,C5H8,2668.3632,7.7051,33
70,C5H8,2698.3972,38.3617,33
70,C5H8,2701.3791,60.4755,33
70,C5H8,2733.8641,32.0848,33
70,C5H8,2747.0962,46.2013,33
70,C5H8,2790.0996,21.6502,33
70,C5H8,2817.0781,246.0121,33
70,C5H8,2844.0075,76.9633,33
71,C3H3Br,286.8703,0.8082,15
71,C3H3Br,298.8789,2.0292,15
71,C3H3Br,590.2745,55.6382,15
71,C3H3Br,852.4543,9.1806,15
71,C3H3Br,892.9083,104.63,15
71,C3H3Br,900.6158,0.0282,15
71,C3H3Br,951.4827,5.5991,15
71,C3H3Br,961.2584,26.0227,15
71,C3H3Br,1025.5073,0.9491,15
71,C3H3Br,1144.1145,106.9023,15
71,C3H3Br,1187.6473,19.0646,15
71,C3H3Br,1868.0378,1.0225,15
71,C3H3Br,2716.6734,106.4133,15
71,C3H3Br,2800.3458,292.1501,15
71,C3H3Br,2828.0499,106.2326,15
72,C3H3Cl,319.3984,0.0584,15
72,C3H3Cl,359.6905,1.2644,15
72,C3H3Cl,716.0168,68.0826,15
72,C3H3Cl,857.4305,7.25,15
72,C3H3Cl,899.8332,0.213,15
72,C3H3Cl,902.9433,148.2455,15
72,C3H3Cl,949.7927,3.9249,15
72,C3H3Cl,958.9714,19.6889,15
72,C3H3Cl,1026.0139,2.8393,15
72,C3H3Cl,1180.0669,84.6943,15
72,C3H3Cl,1197.4665,0.2525,15
72,C3H3Cl,1866.1368,2.4607,15
72,C3H3Cl,2719.887,97.0387,15
72,C3H3Cl,2802.2146,284.946,15
72,C3H3Cl,2829.6091,95.9882,15
73,C3H3F,381.8389,0.5656,15
73,C3H3F,433.4543,2.1027,15
73,C3H3F,860.1807,4.2937,15
73,C3H3F,874.2816,81.8759,15
73,C3H3F,899.9839,0.1486,15
73,C3H3F,947.1135,11.8949,15
73,C3H3F,950.9748,9.2982,15
73,C3H3F,1026.4033,6.5351,15
73,C3H3F,1093.339,36.0176,15
73,C3H3F,1211.8128,0.2803,15
73,C3H3F,1290.8326,78.3103,15
73,C3H3F,1863.7193,3.6865,15
73,C3H3F,2720.9718,71.7517,15
73,C3H3F,2808.3142,270.6414,15
73,C3H3F,2834.9579,80.7896,15
74,C3H3SHO,26.4442,16.0991,21
74,C3H3SHO,214.2859,16.6286,21
74,C3H3SHO,274.5685,3.6302,21
74,C3H3SHO,333.0932,9.7326,21
74,C3H3SHO,716.2278,60.0244,21
74,C3H3SHO,830.4549,18.9363,21
74,C3H3SHO,842.2649,10.6591,21
74,C3H3SHO,888.501,60.7432,21
74,C3H3SHO,898.2699,3.4198,21
74,C3H3SHO,952.7851,4.2196,21
74,C3H3SHO,963.5001,60.5521,21
74,C3H3SHO,994.0001,58.2525,21
74,C3H3SHO,1034.0642,112.0196,21
74,C3H3SHO,1051.1049,17.439,21
74,C3H3SHO,1174.9358,3.7397,21
74,C3H3SHO,1224.0496,18.9878,21
74,C3H3SHO,1876.0391,1.3339,21
74,C3H3SHO,2665.3605,30.9705,21
74,C3H3SHO,2726.9689,118.1172,21
74,C3H3SHO,2804.6075,270.5827,21
74,C3H3SHO,2833.2641,105.8444,21
75,C3H3CONH2,22.8193,3.4651,27
75,C3H3CONH2,221.4896,7.0913,27
75,C3H3CONH2,245.8296,62.8991,27
75,C3H3CONH2,303.7605,330.6628,27
75,C3H3CONH2,413.956,7.6305,27
75,C3H3CONH2,499.5007,63.7375,27
75,C3H3CONH2,550.2111,16.1845,27
75,C3H3CONH2,675.6946,22.1922,27
75,C3H3CONH2,831.1822,8.3006,27
75,C3H3CONH2,853.5445,69.2833,27
75,C3H3CONH2,875.4786,1.9173,27
75,C3H3CONH2,934.0705,14.1019,27
75,C3H3CONH2,961.9857,29.9799,27
75,C3H3CONH2,971.0089,15.8163,27
75,C3H3CONH2,1034.9016,2.0118,27
75,C3H3CONH2,1120.4533,12.0297,27
75,C3H3CONH2,1197.3287,12.9597,27
75,C3H3CONH2,1266.01,19.8298,27
75,C3H3CONH2,1389.3793,414.4021,27
75,C3H3CONH2,1600.1533,66.7475,27
75,C3H3CONH2,1779.6858,493.7724,27
75,C3H3CONH2,1883.5902,2.7545,27
75,C3H3CONH2,2735.7482,85.0601,27
75,C3H3CONH2,2802.9201,272.3803,27
75,C3H3CONH2,2822.3833,197.8233,27
75,C3H3CONH2,2833.4159,58.3975,27
75,C3H3CONH2,2842.9748,173.3614,27
76,C3H3COOH,45.5038,0.6005,24
76,C3H3COOH,223.9008,2.9269,24
76,C3H3COOH,248.9236,0.327,24
76,C3H3COOH,402.3654,18.68,24
76,C3H3COOH,544.8582,121.6995,24
76,C3H3COOH,583.045,24.6892,24
76,C3H3COOH,664.3214,55.8306,24
76,C3H3COOH,829.6077,3.3945,24
76,C3H3COOH,859.6135,83.1254,24
76,C3H3COOH,865.945,2.8678,24
76,C3H3COOH,934.2294,5.9027,24
76,C3H3COOH,968.9729,55.6607,24
76,C3H3COOH,984.8699,8.3923,24
76,C3H3COOH,1036.7945,6.1452,24
76,C3H3COOH,1111.6656,199.1751,24
76,C3H3COOH,1189.3303,27.5569,24
76,C3H3COOH,1237.9974,18.5611,24
76,C3H3COOH,1326.2618,356.9687,24
76,C3H3COOH,1830.0163,426.028,24
76,C3H3COOH,1887.2707,5.8916,24
76,C3H3COOH,2550.3208,337.4042,24
76,C3H3COOH,2725.2599,119.3111,24
76,C3H3COOH,2797.9812,297.6645,24
76,C3H3COOH,2828.4317,77.0834,24
77,C3H3PH2O,24.3869,14.7292,24
77,C3H3PH2O,202.109,22.0594,24
77,C3H3PH2O,269.6962,0.4582,24
77,C3H3PH2O,346.6586,13.9996,24
77,C3H3PH2O,646.3488,80.1982,24
77,C3H3PH2O,740.9149,126.0654,24
77,C3H3PH2O,830.7736,1.3123,24
77,C3H3PH2O,849.7717,18.5701,24
77,C3H3PH2O,875.6937,14.6332,24
77,C3H3PH2O,900.3542,17.0839,24
77,C3H3PH2O,956.5571,7.1593,24
77,C3H3PH2O,963.3309,141.1634,24
77,C3H3PH2O,988.2361,124.8617,24
77,C3H3PH2O,1046.3607,23.2378,24
77,C3H3PH2O,1103.5866,68.5392,24
77,C3H3PH2O,1152.2555,213.4616,24
77,C3H3PH2O,1197.9596,6.6481,24
77,C3H3PH2O,1281.0016,69.4122,24
77,C3H3PH2O,1880.1593,2.9554,24
77,C3H3PH2O,2719.0477,23.5957,24
77,C3H3PH2O,2725.4993,44.8459,24
77,C3H3PH2O,2745.0766,100.5963,24
77,C3H3PH2O,2804.9041,273.821,24
77,C3H3PH2O,2835.0869,84.9496,24
78,C4H7SOOH,11.7746,1.955,40
78,C4H7SOOH,112.4965,3.4266,40
78,C4H7SOOH,174.6924,1.5418,40
78,C4H7SOOH,301.3376,9.426,40
78,C4H7SOOH,348.77,104.5223,40
78,C4H7SOOH,371.4843,5.0384,40
78,C4H7SOOH,465.7238,143.1491,40
78,C4H7SOOH,677.9162,115.0726,40
78,C4H7SOOH,754.6708,143.608,40
78,C4H7SOOH,802.045,3.822,40
78,C4H7SOOH,837.9502,0.59,40
78,C4H7SOOH,988.7871,1.6394,40
78,C4H7SOOH,1017.8626,194.618,40
78,C4H7SOOH,1032.0057,0.2777,40
78,C4H7SOOH,1034.7541,142.3106,40
78,C4H7SOOH,1042.7642,3.5654,40
78,C4H7SOOH,1055.1099,13.1591,40
78,C4H7SOOH,1066.5647,4.6835,40
78,C4H7SOOH,1099.9579,231.1004,40
78,C4H7SOOH,1107.3484,27.5481,40
78,C4H7SOOH,1118.2722,147.359,40
78,C4H7SOOH,1129.4825,0.036,40
78,C4H7SOOH,1179.6513,429.8723,40
78,C4H7SOOH,1182.0606,10.6969,40
78,C4H7SOOH,1224.4711,160.6428,40
78,C4H7SOOH,1244.755,3.6033,40
78,C4H7SOOH,1250.9234,147.602,40
78,C4H7SOOH,1264.4863,9.4771,40
78,C4H7SOOH,1302.5686,6.0424,40
78,C4H7SOOH,1304.5914,56.3119,40
78,C4H7SOOH,1323.7267,1.7628,40
78,C4H7SOOH,2673.8539,8.3046,40
78,C4H7SOOH,2684.0393,0.0969,40
78,C4H7SOOH,2703.4968,37.942,40
78,C4H7SOOH,2720.5441,239.4873,40
78,C4H7SOOH,2759.3326,69.8286,40
78,C4H7SOOH,2761.5856,10.6697,40
78,C4H7SOOH,2768.1049,35.067,40
78,C4H7SOOH,2912.6457,52.1932,40
79,C3H5Br,282.4519,0.0385,21
79,C3H5Br,296.1489,1.0588,21
79,C3H5Br,565.7481,25.4812,21
79,C3H5Br,793.1451,6.3479,21
79,C3H5Br,853.8886,4.5513,21
79,C3H5Br,942.8882,13.9188,21
79,C3H5Br,943.6139,12.6247,21
79,C3H5Br,985.946,4.8441,21
79,C3H5Br,1002.7918,34.6025,21
79,C3H5Br,1081.9894,34.2164,21
79,C3H5Br,1087.7632,3.5333,21
79,C3H5Br,1149.7017,9.714,21
79,C3H5Br,1182.2639,29.4644,21
79,C3H5Br,1314.7622,37.1183,21
79,C3H5Br,1319.739,10.9593,21
79,C3H5Br,1474.9996,18.9638,21
79,C3H5Br,2703.2064,0.2678,21
79,C3H5Br,2714.3438,34.8424,21
79,C3H5Br,2733.2096,240.3693,21
79,C3H5Br,2778.7507,59.3319,21
79,C3H5Br,2781.1223,112.4306,21
80,C3H5Cl,315.9952,0.2382,21
80,C3H5Cl,351.2282,0.7017,21
80,C3H5Cl,685.0289,35.8206,21
80,C3H5Cl,799.6621,6.3905,21
80,C3H5Cl,854.5578,2.727,21
80,C3H5Cl,943.6025,18.1325,21
80,C3H5Cl,948.2249,8.9244,21
80,C3H5Cl,985.4563,1.2052,21
80,C3H5Cl,1029.4599,62.0593,21
80,C3H5Cl,1080.8314,37.9361,21
80,C3H5Cl,1086.1643,2.2386,21
80,C3H5Cl,1148.9587,12.0079,21
80,C3H5Cl,1211.7821,17.983,21
80,C3H5Cl,1314.7622,38.295,21
80,C3H5Cl,1319.1339,8.6629,21
80,C3H5Cl,1476.1721,24.732,21
80,C3H5Cl,2705.7594,0.3672,21
80,C3H5Cl,2717.4541,39.1503,21
80,C3H5Cl,2735.5869,226.744,21
80,C3H5Cl,2780.8358,55.104,21
80,C3H5Cl,2782.9745,113.2204,21
81,C3H5F,372.3957,1.8668,21
81,C3H5F,414.291,1.732,21
81,C3H5F,787.1404,7.5326,21
81,C3H5F,850.8952,1.0805,21
81,C3H5F,861.8245,10.3496,21
81,C3H5F,936.8881,22.7882,21
81,C3H5F,982.6213,6.8924,21
81,C3H5F,985.7235,0.7118,21
81,C3H5F,1079.356,44.5665,21
81,C3H5F,1082.9264,0.9651,21
81,C3H5F,1146.9431,16.0468,21
81,C3H5F,1207.493,21.0055,21
81,C3H5F,1255.0301,31.6055,21
81,C3H5F,1313.7554,42.166,21
81,C3H5F,1325.3583,6.8187,21
81,C3H5F,1503.4623,36.6913,21
81,C3H5F,2708.9268,0.3534,21
81,C3H5F,2718.0465,32.4974,21
81,C3H5F,2735.931,210.1814,21
81,C3H5F,2785.3354,48.0725,21
81,C3H5F,2786.9793,112.0806,21
82,C3H5COOH,42.4602,0.8494,30
82,C3H5COOH,216.6995,2.8488,30
82,C3H5COOH,231.7133,0.0304,30
82,C3H5COOH,394.0799,17.367,30
82,C3H5COOH,547.9348,124.2216,30
82,C3H5COOH,562.7441,23.9516,30
82,C3H5COOH,668.3251,67.4986,30
82,C3H5COOH,783.4863,1.6603,30
82,C3H5COOH,844.0538,17.2725,30
82,C3H5COOH,868.1853,8.862,30
82,C3H5COOH,919.6561,0.8297,30
82,C3H5COOH,985.8486,28.3905,30
82,C3H5COOH,1004.7268,33.7201,30
82,C3H5COOH,1070.3377,7.2186,30
82,C3H5COOH,1092.4524,3.0459,30
82,C3H5COOH,1093.6629,5.8468,30
82,C3H5COOH,1115.6493,235.5913,30
82,C3H5COOH,1154.7789,3.9752,30
82,C3H5COOH,1227.3465,30.9533,30
82,C3H5COOH,1310.6492,103.7375,30
82,C3H5COOH,1313.6504,31.1036,30
82,C3H5COOH,1333.9034,219.9595,30
82,C3H5COOH,1493.6863,57.412,30
82,C3H5COOH,1830.8269,409.3127,30
82,C3H5COOH,2550.1068,335.0188,30
82,C3H5COOH,2701.1208,0.9806,30
82,C3H5COOH,2716.9182,57.5564,30
82,C3H5COOH,2739.2153,230.0321,30
82,C3H5COOH,2773.6391,44.9725,30
82,C3H5COOH,2776.4687,106.981,30
83,C3H5I,232.3235,1.5101,21
83,C3H5I,235.0493,0.4445,21
83,C3H5I,489.437,17.8876,21
83,C3H5I,788.1261,5.9612,21
83,C3H5I,848.545,5.8109,21
83,C3H5I,939.8707,17.6961,21
83,C3H5I,942.9749,11.9661,21
83,C3H5I,977.9149,19.7606,21
83,C3H5I,986.6365,8.2876,21
83,C3H5I,1080.3721,32.2591,21
83,C3H5I,1086.8211,5.3408,21
83,C3H5I,1146.7016,43.5768,21
83,C3H5I,1148.6096,6.6055,21
83,C3H5I,1311.4149,36.7665,21
83,C3H5I,1316.7226,12.8516,21
83,C3H5I,1479.3083,16.7434,21
83,C3H5I,2700.6609,0.2303,21
83,C3H5I,2715.0074,58.8021,21
83,C3H5I,2736.1462,226.0207,21
83,C3H5I,2776.3258,65.6605,21
83,C3H5I,2778.9503,111.175,21
84,C3H5NO,98.4862,0.632,24
84,C3H5NO,309.8847,0.148,24
84,C3H5NO,322.16,1.3614,24
84,C3H5NO,526.1375,3.8174,24
84,C3H5NO,785.8864,4.056,24
84,C3H5NO,865.8544,3.1059,24
84,C3H5NO,881.8697,41.8036,24
84,C3H5NO,893.5484,1.6032,24
84,C3H5NO,973.5473,85.3941,24
84,C3H5NO,992.7366,13.1907,24
84,C3H5NO,1072.9339,5.7075,24
84,C3H5NO,1094.1639,4.7601,24
84,C3H5NO,1151.2557,6.5785,24
84,C3H5NO,1196.6981,90.9213,24
84,C3H5NO,1259.4525,1.9024,24
84,C3H5NO,1317.7951,29.9973,24
84,C3H5NO,1327.6838,38.0115,24
84,C3H5NO,1475.8423,41.1351,24
84,C3H5NO,1760.3478,273.9404,24
84,C3H5NO,2703.5054,0.3529,24
84,C3H5NO,2716.2971,30.1882,24
84,C3H5NO,2735.0577,216.7947,24
84,C3H5NO,2774.6879,58.377,24
84,C3H5NO,2778.1478,101.5799,24
85,C3H5PH2O,38.0996,16.3714,31
85,C3H5PH2O,195.0158,21.0376,31
85,C3H5PH2O,272.6383,1.2145,31
85,C3H5PH2O,339.6638,15.7312,31
85,C3H5PH2O,637.1605,80.1227,31
85,C3H5PH2O,691.3613,65.6928,31
85,C3H5PH2O,803.9324,34.7086,31
85,C3H5PH2O,856.0168,22.037,31
85,C3H5PH2O,870.5641,2.8329,31
85,C3H5PH2O,938.8338,25.9111,31
85,C3H5PH2O,964.8302,206.9328,31
85,C3H5PH2O,970.6818,2.8395,31
85,C3H5PH2O,1020.5096,55.4882,31
85,C3H5PH2O,1039.7764,27.0465,31
85,C3H5PH2O,1082.0808,21.8633,31
85,C3H5PH2O,1098.1519,4.1401,31
85,C3H5PH2O,1106.0835,71.5721,31
85,C3H5PH2O,1152.4856,83.7024,31
85,C3H5PH2O,1153.8589,131.791,31
85,C3H5PH2O,1268.419,34.7939,31
85,C3H5PH2O,1329.9985,29.4098,31
85,C3H5PH2O,1333.141,26.0286,31
85,C3H5PH2O,1494.2043,17.151,31
85,C3H5PH2O,2702.12,0.8437,31
85,C3H5PH2O,2718.3935,43.6755,31
85,C3H5PH2O,2720.1379,36.7061,31
85,C3H5PH2O,2727.1426,59.0106,31
85,C3H5PH2O,2752.692,169.2052,31
85,C3H5PH2O,2779.7959,44.284,31
85,C3H5PH2O,2783.388,85.8601,31
86,C3H5SOOH,-28.0598,1.1633,31
86,C3H5SOOH,179.2039,1.1551,31
86,C3H5SOOH,264.3168,18.0413,31
86,C3H5SOOH,354.1008,102.5626,31
86,C3H5SOOH,381.2707,6.8091,31
86,C3H5SOOH,481.5136,149.1015,31
86,C3H5SOOH,708.2785,177.6467,31
86,C3H5SOOH,805.0421,89.8906,31
86,C3H5SOOH,866.5955,4.4125,31
86,C3H5SOOH,934.421,0.757,31
86,C3H5SOOH,971.7754,47.8471,31
86,C3H5SOOH,1009.1563,3.2425,31
86,C3H5SOOH,1011.8856,113.9655,31
86,C3H5SOOH,1024.855,162.6561,31
86,C3H5SOOH,1084.7429,66.5934,31
86,C3H5SOOH,1092.72,0.0386,31
86,C3H5SOOH,1101.3855,268.1133,31
86,C3H5SOOH,1123.4084,101.306,31
86,C3H5SOOH,1154.9047,39.6071,31
86,C3H5SOOH,1185.3173,635.7112,31
86,C3H5SOOH,1240.6842,94.7317,31
86,C3H5SOOH,1323.4198,29.0873,31
86,C3H5SOOH,1328.7167,33.1138,31
86,C3H5SOOH,1496.5885,50.7559,31
86,C3H5SOOH,2697.4642,0.4742,31
86,C3H5SOOH,2712.0863,43.4221,31
86,C3H5SOOH,2738.963,285.8936,31
86,C3H5SOOH,2775.8304,42.3202,31
86,C3H5SOOH,2779.1671,93.0602,31
86,C3H5SOOH,2916.2861,59.9394,31
87,C3H5SHO,28.9578,12.6241,27
87,C3H5SHO,216.6167,20.2219,27
87,C3H5SHO,263.7071,0.909,27
87,C3H5SHO,332.3255,9.5723,27
87,C3H5SHO,666.4069,42.897,27
87,C3H5SHO,802.8435,21.9618,27
87,C3H5SHO,839.4545,24.1587,27
87,C3H5SHO,871.8432,53.5983,27
87,C3H5SHO,942.4272,27.1696,27
87,C3H5SHO,957.1824,60.7124,27
87,C3H5SHO,973.4388,13.5717,27
87,C3H5SHO,1013.8204,3.4113,27
87,C3H5SHO,1026.5202,93.1612,27
87,C3H5SHO,1040.4489,44.8321,27
87,C3H5SHO,1080.1451,27.6162,27
87,C3H5SHO,1095.1659,7.9002,27
87,C3H5SHO,1151.7583,1.5024,27
87,C3H5SHO,1210.2703,11.423,27
87,C3H5SHO,1324.3745,32.7939,27
87,C3H5SHO,1326.2327,21.8711,27
87,C3H5SHO,1490.5183,2.4273,27
87,C3H5SHO,2665.4556,16.4831,27
87,C3H5SHO,2703.4718,0.4559,27
87,C3H5SHO,2717.1216,28.3919,27
87,C3H5SHO,2738.6558,233.4606,27
87,C3H5SHO,2778.7441,59.2593,27
87,C3H5SHO,2782.5423,86.8894,27
88,C3H5CHO,64.0221,11.3222,27
88,C3H5CHO,304.625,5.364,27
88,C3H5CHO,308.2603,4.8586,27
88,C3H5CHO,483.98,13.4893,27
88,C3H5CHO,786.6081,0.8211,27
88,C3H5CHO,853.9733,3.2147,27
88,C3H5CHO,881.2648,48.461,27
88,C3H5CHO,894.2074,4.1731,27
88,C3H5CHO,958.3913,5.3959,27
88,C3H5CHO,983.048,36.5298,27
88,C3H5CHO,1035.295,15.7547,27
88,C3H5CHO,1072.6126,10.114,27
88,C3H5CHO,1095.6444,6.6365,27
88,C3H5CHO,1152.8636,2.4954,27
88,C3H5CHO,1179.6723,60.1818,27
88,C3H5CHO,1255.0019,6.6757,27
88,C3H5CHO,1280.843,26.6831,27
88,C3H5CHO,1321.4839,32.3938,27
88,C3H5CHO,1332.5591,43.6962,27
88,C3H5CHO,1497.0952,27.9839,27
88,C3H5CHO,1790.3765,302.4037,27
88,C3H5CHO,2647.0845,0.0192,27
88,C3H5CHO,2705.6878,0.0912,27
88,C3H5CHO,2721.1933,56.8705,27
88,C3H5CHO,2745.3878,201.0137,27
88,C3H5CHO,2779.6324,49.0905,27
88,C3H5CHO,2783.0579,96.056,27
89,C4H7NO,21.9124,4.4965,33
89,C4H7NO,216.1946,6.2095,33
89,C4H7NO,237.0147,45.4864,33
89,C4H7NO,302.3936,351.4148,33
89,C4H7NO,408.3376,6.7013,33
89,C4H7NO,499.9641,72.682,33
89,C4H7NO,543.4213,16.3991,33
89,C4H7NO,668.8236,22.8101,33
89,C4H7NO,778.4996,0.9757,33
89,C4H7NO,836.165,18.2259,33
89,C4H7NO,864.83,7.2613,33
89,C4H7NO,928.9052,2.9645,33
89,C4H7NO,985.872,34.9249,33
89,C4H7NO,999.2349,19.5011,33
89,C4H7NO,1062.2188,15.6205,33
89,C4H7NO,1079.9812,14.9313,33
89,C4H7NO,1094.153,3.782,33
89,C4H7NO,1132.2603,9.2073,33
89,C4H7NO,1154.6673,2.3577,33
89,C4H7NO,1253.4943,19.7119,33
89,C4H7NO,1317.7898,33.1683,33
89,C4H7NO,1324.7114,7.146,33
89,C4H7NO,1386.1338,383.833,33
89,C4H7NO,1495.2549,62.0371,33
89,C4H7NO,1600.5406,70.3866,33
89,C4H7NO,1778.7277,489.0607,33
89,C4H7NO,2703.1933,4.4573,33
89,C4H7NO,2721.083,81.5469,33
89,C4H7NO,2749.1698,155.9501,33
89,C4H7NO,2775.0961,59.4486,33
89,C4H7NO,2780.3737,86.1365,33
89,C4H7NO,2822.5432,171.5842,33
89,C4H7NO,2842.3125,174.5588,33
90,C5H6,201.904,0.6934,27
90,C5H6,214.9974,1.1293,27
90,C5H6,506.971,0.7525,27
90,C5H6,527.4975,1.4013,27
90,C5H6,783.6942,2.7248,27
90,C5H6,828.4374,48.474,27
90,C5H6,830.8335,61.3446,27
90,C5H6,848.3602,3.7307,27
90,C5H6,857.5802,2.2387,27
90,C5H6,917.412,14.072,27
90,C5H6,987.5496,19.4587,27
90,C5H6,988.5053,4.8467,27
90,C5H6,1076.372,20.3197,27
90,C5H6,1093.7009,2.9698,27
90,C5H6,1146.109,3.4164,27
90,C5H6,1149.3363,8.5051,27
90,C5H6,1267.3498,2.1292,27
90,C5H6,1321.1344,32.8347,27
90,C5H6,1334.7342,15.3146,27
90,C5H6,1500.3009,0.1716,27
90,C5H6,2392.4459,6.3062,27
90,C5H6,2710.2804,0.1141,27
90,C5H6,2722.5618,16.4001,27
90,C5H6,2742.0852,224.019,27
90,C5H6,2782.1759,67.253,27
90,C5H6,2785.9075,95.7575,27
90,C5H6,2893.1029,240.6495,27
91,C4H3Br,218.3138,2.0154,18
91,C4H3Br,248.5066,0.7291,18
91,C4H3Br,416.8666,5.6958,18
91,C4H3Br,495.9709,13.8651,18
91,C4H3Br,812.9201,30.9521,18
91,C4H3Br,821.34,101.7792,18
91,C4H3Br,882.9898,2.7808,18
91,C4H3Br,920.0218,0.9658,18
91,C4H3Br,935.8707,10.5939,18
91,C4H3Br,1030.6076,1.3992,18
91,C4H3Br,1108.3347,18.6429,18
91,C4H3Br,1141.7032,8.943,18
91,C4H3Br,1157.2039,6.8673,18
91,C4H3Br,1703.4972,7.7482,18
91,C4H3Br,1733.8296,27.4494,18
91,C4H3Br,2790.2057,167.2068,18
91,C4H3Br,2796.0912,151.3991,18
91,C4H3Br,2809.1782,69.8534,18
92,C4H3Cl,236.8861,1.313,18
92,C4H3Cl,288.3239,0.6875,18
92,C4H3Cl,508.2811,9.0462,18
92,C4H3Cl,537.1815,9.266,18
92,C4H3Cl,820.1404,111.4865,18
92,C4H3Cl,855.605,30.7212,18
92,C4H3Cl,874.1474,4.6988,18
92,C4H3Cl,917.2677,2.3002,18
92,C4H3Cl,953.9912,33.9681,18
92,C4H3Cl,1030.7249,1.5297,18
92,C4H3Cl,1109.4138,24.724,18
92,C4H3Cl,1141.5584,9.477,18
92,C4H3Cl,1173.1273,19.6712,18
92,C4H3Cl,1701.4606,7.9954,18
92,C4H3Cl,1747.2996,61.0201,18
92,C4H3Cl,2791.4815,147.5705,18
92,C4H3Cl,2800.2648,186.0438,18
92,C4H3Cl,2811.4703,55.1295,18
93,C4H3F,277.3185,0.4359,18
93,C4H3F,376.3943,2.9601,18
93,C4H3F,531.6575,2.0382,18
93,C4H3F,644.8646,1.1588,18
93,C4H3F,821.8369,138.5701,18
93,C4H3F,866.2365,11.5686,18
93,C4H3F,908.0469,2.3809,18
93,C4H3F,918.546,7.6867,18
93,C4H3F,1027.871,6.4724,18
93,C4H3F,1059.8838,1.6959,18
93,C4H3F,1115.7821,31.3704,18
93,C4H3F,1142.1312,8.8449,18
93,C4H3F,1295.9718,47.8778,18
93,C4H3F,1698.9788,5.9607,18
93,C4H3F,1830.0512,61.3754,18
93,C4H3F,2789.6337,137.4543,18
93,C4H3F,2804.7441,240.6133,18
93,C4H3F,2816.1232,31.6473,18
94,C4H3I,197.6866,2.578,18
94,C4H3I,202.5933,1.2963,18
94,C4H3I,346.2064,2.4869,18
94,C4H3I,485.2967,18.3809,18
94,C4H3I,788.3383,28.3597,18
94,C4H3I,820.907,92.7467,18
94,C4H3I,889.2395,2.4471,18
94,C4H3I,923.1093,0.0484,18
94,C4H3I,931.9429,4.5381,18
94,C4H3I,1032.6045,1.2282,18
94,C4H3I,1108.8383,14.6055,18
94,C4H3I,1142.7574,8.9485,18
94,C4H3I,1151.8719,3.3843,18
94,C4H3I,1703.7796,6.6169,18
94,C4H3I,1731.223,16.4598,18
94,C4H3I,2788.5679,201.419,18
94,C4H3I,2792.4729,92.6418,18
94,C4H3I,2807.6215,93.8771,18
95,C4H3NO,101.5563,0.3292,21
95,C4H3NO,217.7021,1.0317,21
95,C4H3NO,240.0307,0.0005,21
95,C4H3NO,475.5671,31.1899,21
95,C4H3NO,517.4406,0.556,21
95,C4H3NO,746.3563,3.5255,21
95,C4H3NO,827.6992,80.5996,21
95,C4H3NO,909.9339,0.6306,21
95,C4H3NO,937.8099,3.8841,21
95,C4H3NO,942.4804,4.7848,21
95,C4H3NO,1012.0672,120.001,21
95,C4H3NO,1036.5563,64.779,21
95,C4H3NO,1121.4323,9.4742,21
95,C4H3NO,1149.1091,27.006,21
95,C4H3NO,1237.0807,33.6572,21
95,C4H3NO,1637.4633,874.0563,21
95,C4H3NO,1697.2242,17.5437,21
95,C4H3NO,1744.2294,22.672,21
95,C4H3NO,2771.3558,122.4854,21
95,C4H3NO,2784.355,107.2502,21
95,C4H3NO,2806.7822,136.8595,21
96,C4H3SHO,45.647,23.515,24
96,C4H3SHO,150.2986,6.8899,24
96,C4H3SHO,210.7941,7.5855,24
96,C4H3SHO,368.6993,13.4271,24
96,C4H3SHO,467.3753,8.9596,24
96,C4H3SHO,510.8851,35.162,24
96,C4H3SHO,808.4434,115.5704,24
96,C4H3SHO,833.0007,16.8794,24
96,C4H3SHO,878.6846,22.6851,24
96,C4H3SHO,894.4317,0.3955,24
96,C4H3SHO,925.5024,11.6523,24
96,C4H3SHO,949.1895,54.74,24
96,C4H3SHO,984.712,63.7429,24
96,C4H3SHO,1031.4024,50.9754,24
96,C4H3SHO,1041.3444,71.6756,24
96,C4H3SHO,1114.9366,9.5676,24
96,C4H3SHO,1145.8129,7.2381,24
96,C4H3SHO,1176.3648,18.7093,24
96,C4H3SHO,1702.5243,6.559,24
96,C4H3SHO,1738.8081,22.2488,24
96,C4H3SHO,2664.034,4.8503,24
96,C4H3SHO,2783.6367,153.5154,24
96,C4H3SHO,2793.4118,67.309,24
96,C4H3SHO,2809.244,124.6294,24
97,C4H3CHO,82.1169,9.3891,24
97,C4H3CHO,196.3751,6.3763,24
97,C4H3CHO,244.5665,5.6239,24
97,C4H3CHO,493.393,38.2855,24
97,C4H3CHO,531.4704,5.911,24
97,C4H3CHO,688.8687,13.9599,24
97,C4H3CHO,819.3391,88.2767,24
97,C4H3CHO,894.9469,3.4681,24
97,C4H3CHO,906.2756,0.4758,24
97,C4H3CHO,928.0199,1.3343,24
97,C4H3CHO,977.5084,4.6343,24
97,C4H3CHO,1016.1866,39.9175,24
97,C4H3CHO,1039.1336,27.8464,24
97,C4H3CHO,1114.923,13.0513,24
97,C4H3CHO,1147.3606,8.519,24
97,C4H3CHO,1256.8499,120.9375,24
97,C4H3CHO,1289.1039,5.766,24
97,C4H3CHO,1701.7573,4.829,24
97,C4H3CHO,1761.2437,248.777,24
97,C4H3CHO,1772.0743,333.6582,24
97,C4H3CHO,2647.1117,4.6407,24
97,C4H3CHO,2781.2446,186.603,24
97,C4H3CHO,2785.7298,32.2742,24
97,C4H3CHO,2809.4279,114.6816,24
98,C4H3COOH,52.5435,0.0893,27
98,C4H3COOH,166.9097,1.0988,27
98,C4H3COOH,198.5915,0.7475,27
98,C4H3COOH,394.453,22.3222,27
98,C4H3COOH,442.5029,32.0523,27
98,C4H3COOH,500.0868,8.7826,27
98,C4H3COOH,546.1905,89.7916,27
98,C4H3COOH,671.8146,15.71,27
98,C4H3COOH,702.0859,176.9951,27
98,C4H3COOH,831.1809,48.1069,27
98,C4H3COOH,890.7667,3.6357,27
98,C4H3COOH,907.9609,0.1068,27
98,C4H3COOH,943.559,7.5055,27
98,C4H3COOH,988.431,17.6341,27
98,C4H3COOH,1034.4852,4.0449,27
98,C4H3COOH,1099.081,148.2298,27
98,C4H3COOH,1117.5076,43.0862,27
98,C4H3COOH,1147.5788,7.0811,27
98,C4H3COOH,1210.9207,9.791,27
98,C4H3COOH,1310.3443,388.8147,27
98,C4H3COOH,1700.5032,5.3826,27
98,C4H3COOH,1742.1596,62.1348,27
98,C4H3COOH,1845.7039,742.0544,27
98,C4H3COOH,2550.5503,352.4984,27
98,C4H3COOH,2772.8991,151.0277,27
98,C4H3COOH,2782.0161,77.6849,27
98,C4H3COOH,2806.9483,123.8267,27
99,C4H3CONH2,21.1897,8.8795,30
99,C4H3CONH2,177.3085,6.8229,30
99,C4H3CONH2,192.1512,25.5516,30
99,C4H3CONH2,260.7597,383.0041,30
99,C4H3CONH2,387.0392,5.4495,30
99,C4H3CONH2,441.2827,58.4383,30
99,C4H3CONH2,503.1494,10.4624,30
99,C4H3CONH2,514.0689,26.4543,30
99,C4H3CONH2,649.1097,6.1993,30
99,C4H3CONH2,701.3981,117.0878,30
99,C4H3CONH2,828.9047,57.7421,30
99,C4H3CONH2,886.1323,1.9183,30
99,C4H3CONH2,903.6768,0.9268,30
99,C4H3CONH2,932.1113,2.2032,30
99,C4H3CONH2,990.8308,11.5441,30
99,C4H3CONH2,1033.4744,2.9232,30
99,C4H3CONH2,1114.0667,9.9081,30
99,C4H3CONH2,1120.398,8.9913,30
99,C4H3CONH2,1145.6177,8.031,30
99,C4H3CONH2,1194.4255,0.8908,30
99,C4H3CONH2,1388.1526,453.043,30
99,C4H3CONH2,1600.8709,69.2969,30
99,C4H3CONH2,1704.9331,0.8223,30
99,C4H3CONH2,1748.9929,227.1388,30
99,C4H3CONH2,1802.2664,444.6388,30
99,C4H3CONH2,2782.4686,193.4129,30
99,C4H3CONH2,2787.3616,11.6928,30
99,C4H3CONH2,2808.8022,139.2211,30
99,C4H3CONH2,2820.9088,171.6017,30
99,C4H3CONH2,2845.1434,139.2206,30
100,C4H3C2H,176.2845,0.9844,24
100,C4H3C2H,176.7389,2.5765,24
100,C4H3C2H,393.2773,2.2396,24
100,C4H3C2H,523.272,3.0973,24
100,C4H3C2H,589.572,15.3855,24
100,C4H3C2H,614.7159,1.4303,24
100,C4H3C2H,822.3239,20.4375,24
100,C4H3C2H,833.0534,44.7599,24
100,C4H3C2H,838.0592,118.7639,24
100,C4H3C2H,881.7149,4.5673,24
100,C4H3C2H,889.506,1.6624,24
100,C4H3C2H,923.9484,2.308,24
100,C4H3C2H,1021.2643,2.0094,24
100,C4H3C2H,1051.9063,2.7173,24
100,C4H3C2H,1119.56,3.5315,24
100,C4H3C2H,1150.6066,7.4352,24
100,C4H3C2H,1231.8183,0.1908,24
100,C4H3C2H,1707.0227,0.6676,24
100,C4H3C2H,1789.6988,3.8958,24
100,C4H3C2H,2393.2631,27.889,24
100,C4H3C2H,2793.0488,132.1853,24
100,C4H3C2H,2797.1256,149.7125,24
100,C4H3C2H,2811.1704,105.5022,24
100,C4H3C2H,2883.75,276.8999,24
